acc1x,acc1y,acc1z,acc2x,acc2y,acc2z,acc3x,acc3y,acc3z,curr,volt
-7,9,19,6,5,27,62,-12,-60,263,78
-26,-26,12,-13,26,-34,26,-50,-10,263,128
-8,-25,-22,-32,15,-21,8,-51,11,263,-141
-3,17,-3,-6,1,-2,9,-9,10,263,-91
0,14,0,-14,7,-7,19,11,14,263,-41
-13,-2,15,-13,0,6,12,13,13,263,8
-1,-23,26,-2,-4,25,144,-20,-7,263,58
-3,-12,19,2,-14,16,191,-33,-16,263,108
4,-6,3,-8,6,-7,157,-29,-17,263,158
-9,-5,-4,-14,6,-16,96,-41,-33,263,-111
0,-17,10,-6,14,9,6,-22,-26,263,-61
-3,-15,16,0,16,18,-18,-14,-26,263,-11
-13,10,80,21,3,23,39,6,-5,263,38
54,-43,-41,-47,-3,-43,65,22,9,263,88
6,-8,4,37,22,73,-17,-88,-118,263,138
-1,17,78,6,7,62,-137,0,-71,263,-132
-34,11,17,-26,2,-25,-84,-15,-37,263,-82
-3,14,-2,-6,19,-22,-19,-28,-19,263,-32
-22,-3,-27,-18,18,-6,-66,-26,11,263,17
103,-48,-20,-60,1,68,-121,-244,-77,263,67
230,-30,-67,45,89,109,-390,-42,-496,263,117
-464,290,44,-178,-22,176,-1133,169,-386,263,-152
90,128,-103,236,199,-84,-943,117,124,263,-102
-133,80,-19,122,48,87,-793,-262,277,263,-52
-411,-36,-102,52,-23,195,53,-154,609,263,-2
-462,-118,-290,-449,-347,345,866,-703,568,263,47
-383,-214,-284,-565,-181,130,712,-812,49,263,97
18,-447,-304,-107,189,-319,528,-421,-124,263,147
79,-475,-198,34,280,-423,342,618,-126,263,-122
-76,-409,-141,16,210,-345,70,427,-276,263,-72
-516,-369,-267,-314,-38,-36,-71,514,-301,263,-22
-1055,-391,-508,-587,-333,329,-101,12,-169,263,27
-328,-795,-833,23,115,60,-19,-209,-189,263,77
-336,-598,-583,-169,114,-97,229,-5,-142,263,127
-753,-104,-115,-563,-52,26,207,-141,-1,263,-142
-416,-56,-43,-240,92,-70,-84,-546,338,263,-92
-275,-24,101,-120,141,-154,-156,-772,207,263,-42
500,-354,-179,181,40,63,513,-304,210,263,7
284,-53,-4,-168,-134,114,312,522,272,263,57
105,-45,85,65,-104,-162,137,569,-15,263,107
273,46,-38,-1,24,-173,-495,149,-80,263,157
53,560,67,-292,-112,179,-1261,-475,30,263,-113
495,627,192,26,66,382,-672,122,-11,263,-63
657,289,154,346,107,369,262,252,-177,263,-13
326,308,53,192,-9,79,15,-341,-54,263,36
230,424,53,-209,-43,130,-210,-361,274,263,86
333,438,138,-204,-57,26,-841,1425,-127,263,136
92,211,56,229,319,-105,-816,1051,-67,263,-133
-286,1,-94,403,6,81,-368,204,88,263,-83
-735,-158,-413,-550,-189,204,1028,-21,491,263,-33
-353,-137,-485,-133,-99,153,998,-245,-84,263,16
174,-432,-390,165,359,-326,490,200,-296,263,66
178,-437,-264,305,336,-456,305,463,-259,263,116
262,-592,-157,276,323,-432,208,344,-227,263,-153
-11,-968,-228,275,200,-242,343,-275,-472,263,-103
-915,-1758,-558,-190,-84,273,-54,-1734,9,263,-53
-808,-1984,-388,-973,-188,490,-830,-1504,466,263,-3
-398,-2019,-493,-1808,-444,414,-764,2,635,263,46
-373,-1584,-504,-933,148,-48,247,158,445,263,96
-589,-930,-243,36,491,-361,154,-500,193,263,146
-22,-667,-2,133,175,-181,130,-138,149,263,-124
-276,-542,128,-1084,-530,603,114,-461,155,263,-74
451,-712,-243,-23,-72,-137,87,177,439,263,-24
197,-394,-159,94,-323,-200,302,570,14,263,25
160,-183,-40,-51,-46,-230,516,723,-784,263,75
62,79,-63,-509,-249,242,106,-54,-786,263,125
-200,959,399,-259,-280,769,-1237,-1400,-773,263,-144
707,727,477,250,66,519,-241,-721,-534,263,-94
1027,165,195,735,409,189,-365,96,-782,263,-44
422,532,120,260,88,304,-187,161,-381,263,5
597,472,-16,77,65,220,-155,462,-18,263,55
449,483,38,155,-3,254,-400,467,124,263,105
329,518,74,172,29,255,-430,592,462,263,155
-58,430,95,68,-9,338,19,614,711,263,-114
-273,253,57,-419,-260,534,726,466,733,263,-64
-35,1,-104,-359,-33,204,701,-48,438,263,-14
137,-91,-110,-78,211,-91,305,0,247,263,35
249,-215,-165,139,278,-305,177,529,176,263,85
115,-133,-5,19,163,-213,222,717,18,263,135
-527,0,-82,-411,-115,-7,549,620,-359,263,-135
-626,13,-443,-287,-195,207,-136,310,201,263,-85
-311,-241,-693,-127,5,42,-420,359,-23,263,-35
-396,-227,-757,-139,91,4,-60,75,-61,263,14
-209,-210,-579,-191,146,-50,167,-199,30,263,64
-212,-115,-354,-131,214,-115,222,-497,72,263,114
-275,280,104,-195,118,-45,-108,-1057,72,263,-155
43,358,282,-369,-41,91,-221,-868,-28,263,-105
277,38,181,-391,-183,105,66,-959,29,263,-55
441,-102,-27,35,-85,-125,281,-514,115,263,-5
421,74,-28,102,-68,-293,221,389,17,263,44
236,228,153,-12,-73,-337,39,-86,-196,263,94
262,348,270,-327,-141,-249,-724,-312,-450,263,144
455,559,372,-854,-893,349,-277,-553,-515,263,-125
900,439,175,-330,1474,485,61,-17,-91,263,-75
733,420,105,589,85,280,25,140,-168,263,-25
600,556,193,220,271,402,28,-110,-9,263,24
499,571,362,-309,-188,-125,-117,64,116,263,74
480,420,168,-177,-165,-256,-153,-18,135,263,124
471,379,55,20,-60,-253,-165,153,175,263,-146
271,385,71,67,-129,-55,-36,648,442,263,-96
-325,284,79,-531,-419,689,569,847,526,263,-46
-208,47,-166,-487,-155,454,779,605,68,263,3
16,-186,-191,-248,106,-31,321,207,-40,263,53
342,-329,-258,208,364,-526,537,222,-147,263,103
263,-199,-127,239,362,-502,122,970,-172,263,153
-18,-291,-51,78,77,-280,185,203,-350,263,-116
-798,91,-28,-1053,-708,331,558,284,-330,263,-66
-1167,-243,-343,-283,-506,518,-285,-1246,163,263,-16
-347,-397,-592,-285,-166,135,-459,-687,-29,263,33
-200,-490,-665,-1190,-96,-183,-223,-200,-11,263,83
-176,-249,-384,-652,104,-396,273,-25,-42,263,133
-229,-67,-68,157,511,-372,500,-404,-80,263,-136
-164,114,138,380,279,-205,-120,-839,18,263,-86
-29,215,281,-702,-490,364,-446,-978,41,263,-36
489,-180,21,-123,-290,251,-232,-1155,11,263,13
686,-51,-4,273,-205,-218,191,179,35,263,63
361,264,197,114,-190,-464,180,541,3,263,113
312,321,253,-247,-117,-369,-696,274,171,263,-157
252,784,465,-170,-118,444,-897,-63,74,263,-107
970,472,550,130,-128,587,-4,506,81,263,-57
1013,267,367,475,672,343,510,219,-63,263,-7
772,406,214,510,-623,361,-141,-109,-23,263,42
674,494,246,66,96,-63,-189,111,59,263,92
628,430,293,25,-31,-85,-217,-4,25,263,142
532,471,231,65,-97,102,-242,14,89,263,-127
73,410,256,-137,-242,300,141,199,131,263,-77
-204,349,179,-422,-405,552,572,441,-132,263,-27
-64,113,-21,-467,5,6,398,108,-227,263,22
273,-342,-197,51,302,-424,155,181,-182,263,72
286,-430,-183,311,322,-564,167,455,-261,263,122
293,-359,-106,494,324,-509,226,242,-505,263,-147
180,-582,-185,538,208,-291,-117,-145,-688,263,-97
-1158,-23,183,-699,-965,767,-247,-1043,-384,263,-47
-719,-640,-79,-452,-59,284,-841,-2534,-150,263,2
-602,-938,-133,-875,-146,393,-1035,-1420,-13,263,52
-558,-1069,-158,-1648,-455,-171,-7,-265,-110,263,102
-683,-912,-110,-1241,-150,-465,552,28,-321,263,152
-819,-330,283,-375,129,-401,724,458,-294,263,-117
-230,-164,144,-27,86,207,138,181,-118,263,-67
381,-39,48,-399,247,405,-684,683,-93,263,-17
396,79,313,-1146,-477,1049,-138,33,-160,263,32
754,-213,67,324,-447,-387,326,127,199,263,82
585,165,92,536,-267,-788,-32,-70,220,263,132
901,459,13,106,58,-502,-216,740,361,263,-138
256,1087,297,-1377,-789,690,-396,1805,604,263,-88
509,693,418,57,658,1143,-104,910,481,263,-38
898,358,220,506,683,888,397,619,262,263,11
852,359,292,435,533,440,307,-70,123,263,61
618,516,312,-125,-341,419,238,-426,39,263,111
793,653,204,-390,-109,85,-80,772,409,263,-158
533,407,247,-74,-64,-309,-763,1451,341,263,-108
372,457,251,50,-58,-199,-504,783,339,263,-58
378,351,251,48,-278,215,-498,72,381,263,-8
156,20,321,205,-99,484,107,-272,381,263,41
36,-106,222,-570,-61,173,1087,-762,167,263,91
-194,-133,141,-545,-204,-119,610,-1431,-174,263,141
349,-211,58,-184,107,-508,570,-1414,-260,263,-128
394,-204,85,-133,160,-540,368,-363,-379,263,-78
300,-65,193,-117,163,-478,141,447,-488,263,-28
-92,17,379,-35,36,-76,409,625,-459,263,21
-352,8,391,-185,-210,410,360,894,-221,263,71
-265,-311,-147,38,11,456,-226,604,140,263,121
-245,-372,-594,73,89,112,-167,105,33,263,-149
-262,-238,-534,-129,13,-142,96,-493,13,263,-99
-55,17,-8,-81,142,-279,274,-1186,44,263,-49
5,183,305,-211,70,-130,-89,-1567,83,263,0
237,211,358,-257,39,-33,-559,-726,172,263,50
348,90,420,-168,-5,8,-161,-624,20,263,100
543,-21,280,-4,-107,105,213,-202,105,263,150
447,68,288,2,-155,11,200,255,144,263,-119
262,39,171,-23,-146,-153,198,143,71,263,-69
300,-31,-127,-20,-54,-277,-102,-115,11,263,-19
-168,206,192,-329,-57,-144,-808,63,-317,263,30
394,271,539,-30,-287,37,-374,77,-302,263,80
311,175,185,214,743,915,-13,225,-333,263,130
169,329,13,142,-80,-175,361,-244,-349,263,-139
104,315,-42,-38,-15,-68,120,-228,-169,263,-89
135,272,-42,34,-18,6,-87,-63,-47,263,-39
96,246,-42,120,-35,75,-235,64,49,263,10
60,173,-35,87,-21,157,-156,175,225,263,60
-55,100,-34,-29,167,224,107,311,362,263,110
-43,16,-64,-175,-23,26,350,-16,421,263,160
-144,-85,-32,-253,-33,-125,100,-134,129,263,-110
87,-133,-63,-27,105,-277,157,127,11,263,-60
76,-105,-24,-55,106,-264,-192,740,8,263,-10
-13,-66,-1,-66,40,-191,-135,954,6,263,39
-81,-172,12,-152,-34,-135,-11,1314,-6,263,89
-241,-143,-289,-4,-27,-125,-92,1485,-107,263,139
-360,-115,-474,-8,-72,21,-162,374,8,263,-130
-216,-143,-514,-27,-11,95,-2,-171,-57,263,-80
-262,-139,-409,34,70,18,49,-1312,-171,263,-30
-224,23,-105,-108,77,-73,3,-2297,-165,263,19
-9,91,33,-180,89,-148,-308,-2496,-94,263,69
236,146,188,-247,33,-145,2,-1140,-118,263,119
202,74,221,-50,-12,-187,114,-676,-70,263,-150
270,71,128,-13,0,-153,149,-54,39,263,-100
80,42,171,-88,-69,-110,125,94,60,263,-50
27,-74,155,-44,-57,-100,70,-440,-84,263,0
104,-82,-39,-104,-3,-91,-155,-254,-162,263,49
85,180,-94,-215,22,-136,-447,281,-241,263,99
198,314,2,104,484,661,-122,306,-186,263,149
74,273,116,139,-92,132,17,224,-95,263,-121
18,165,97,-6,60,-111,11,-57,144,263,-71
-38,106,-46,18,-30,-20,92,-253,189,263,-21
-64,54,-164,-82,-95,160,340,-224,191,263,28
-158,-4,-125,-252,-80,88,431,-263,62,263,78
-25,-36,-47,-191,58,-163,313,262,48,263,128
75,-112,67,-60,141,-334,175,638,122,263,-141
-13,-220,30,-92,89,-349,-90,652,92,263,-91
-73,-66,-47,-137,-17,-142,-177,705,-73,263,-41
45,-67,15,-83,-37,-52,-225,1208,-38,263,8
54,-43,76,-33,-42,-78,-220,1588,-38,263,58
-122,-10,10,-63,-80,-134,-118,1336,-81,263,108
-269,26,-145,-81,-103,18,43,913,-59,263,158
-142,-28,-347,-46,-30,119,-8,536,-4,263,-111
-101,-66,-349,-28,225,169,-36,-317,-86,263,-61
-166,-30,-257,-16,101,51,46,-962,-113,263,-11
-117,16,-169,-34,85,-39,54,-1234,-68,263,38
-58,115,-61,-91,46,-85,-17,-1433,-8,263,88
-16,128,115,-171,-7,-49,-162,-1594,31,263,138
80,55,153,-109,-10,-57,-137,-1299,38,263,-132
126,-34,145,-112,-21,-101,43,-1015,-1,263,-82
125,-108,157,-76,-18,-215,138,-696,-28,263,-32
137,-110,135,-139,19,-225,195,-84,-76,263,17
4,-60,123,-173,3,-195,217,185,-191,263,67
20,-81,68,-82,60,-159,281,146,-294,263,117
-27,-20,46,-125,64,-89,-198,147,-261,263,-152
19,248,118,-167,30,70,-465,178,-185,263,-102
292,341,107,81,43,222,-128,558,-65,263,-52
324,310,123,73,36,250,-133,671,-91,263,-2
195,314,81,48,-2,157,-372,465,4,263,47
148,264,26,59,-4,45,-339,395,97,263,97
88,129,42,80,29,10,-340,354,215,263,147
-222,114,68,-96,-48,127,-17,229,453,263,-122
-333,32,-73,-337,-130,188,342,285,339,263,-72
-30,-144,-194,-77,60,-10,333,-70,156,263,-22
-96,-184,-112,-112,177,-291,98,285,141,263,27
-30,-278,-76,-43,146,-341,2,715,162,263,77
-97,-208,-99,-139,52,-267,-220,975,91,263,127
-118,-213,-104,-96,-9,-150,-75,1084,-6,263,-143
-145,-292,-78,-66,-110,-56,70,1008,-93,263,-93
-630,-144,-219,-335,-283,13,456,766,-143,263,-43
-344,-338,-599,27,-133,-178,-261,578,58,263,6
-442,-349,-776,-277,-61,-64,-69,245,-18,263,56
-302,-356,-785,-423,-74,0,-15,-63,-51,263,106
-414,-328,-661,-107,230,-118,102,-540,-156,263,156
-231,-265,-457,41,303,-200,90,-931,-169,263,-113
-240,-173,-298,-26,131,-113,267,-1159,-159,263,-63
-64,-135,-181,-165,-16,1,31,-1467,-140,263,-13
-237,61,15,-300,-132,58,-424,-1565,8,263,36
-58,87,186,-354,-171,-13,-671,-886,66,263,86
-50,-67,182,-171,-131,-185,-301,-1235,-71,263,136
253,-137,114,60,69,-305,46,-879,13,263,-133
335,-122,143,-76,102,-280,404,-331,28,263,-83
170,-33,221,-233,35,-297,453,-356,-46,263,-33
269,180,138,-295,5,-183,82,-691,-364,263,16
287,605,249,-268,91,-35,-545,-590,-498,263,66
678,738,293,25,-207,475,-89,65,-624,263,116
949,517,153,381,40,118,283,804,-486,263,-153
388,553,177,130,112,6,-58,251,-190,263,-103
454,543,155,32,7,46,-104,294,63,263,-53
474,444,169,94,34,47,-117,396,263,263,-3
345,341,87,188,37,100,-238,431,490,263,46
95,257,2,-147,-79,319,-143,580,700,263,96
-304,213,-8,-608,89,547,240,1047,466,263,146
-36,-127,-137,-51,98,-1,408,572,104,263,-124
-33,-253,-212,-111,86,-198,230,525,-63,263,-74
20,-309,-265,-2,185,-407,63,858,-76,263,-24
-150,-285,-142,-80,154,-332,-317,1498,-26,263,25
-206,-244,-76,-48,51,-213,-233,1319,-83,263,75
-281,-225,-171,-183,-84,-37,-96,1206,-52,263,125
-579,-121,-405,-278,-235,171,-285,1074,40,263,-144
-350,-347,-798,-97,-73,101,-292,974,117,263,-94
-402,-396,-998,-229,-18,85,-305,408,-185,263,-44
-429,-347,-845,-284,101,0,-15,-185,-216,263,5
-393,-327,-656,-138,212,-119,124,-654,-201,263,55
-293,-274,-593,-2,216,-181,233,-828,-189,263,105
-159,-115,-397,11,126,-96,420,-1295,-88,263,155
-93,12,-278,22,52,-31,402,-1637,-89,263,-114
-220,300,69,-325,-168,148,118,-1793,-275,263,-64
67,440,337,-452,-154,132,-383,-1297,-106,263,-14
113,378,533,-176,-39,-154,-293,-958,105,263,35
764,-195,47,485,210,-354,418,-785,254,263,85
821,-86,-14,56,139,-292,343,545,378,263,135
470,403,320,-217,-33,-285,152,482,198,263,-135
535,473,464,-391,-128,83,-678,258,-58,263,-85
1159,691,556,-97,-167,620,-216,76,-307,263,-35
1288,498,366,445,-275,509,170,634,-402,263,14
958,447,268,228,236,27,-7,90,-346,263,64
921,609,282,16,-21,-34,-166,168,-150,263,114
873,634,370,12,48,-88,-316,393,69,263,-155
774,539,334,150,47,-10,-157,195,113,263,-105
700,390,194,140,35,190,-195,56,241,263,-55
319,376,72,23,44,313,-46,75,356,263,-5
-369,499,55,-488,-158,435,700,334,308,263,44
-298,172,52,-439,114,-17,153,-126,-8,263,94
201,-126,-191,107,254,-450,243,-181,-107,263,144
277,-270,-216,162,310,-577,2,354,-38,263,-125
-40,-298,-78,-4,177,-389,3,880,-81,263,-75
-249,-206,-86,-584,-205,106,507,679,-269,263,-25
-718,-278,-627,-32,-240,315,-155,-44,141,263,24
-173,-516,-876,-79,69,31,0,129,85,263,74
-346,-436,-840,-22,7,47,33,-269,-203,263,124
-338,-370,-667,-288,84,-105,114,-395,-334,263,-146
-405,-261,-500,-172,183,-166,154,-614,-225,263,-96
-233,-231,-367,-57,250,-191,150,-552,-67,263,-46
-122,-141,-284,17,203,-154,190,-540,50,263,3
61,4,-135,123,184,-147,-25,-914,111,263,53
-356,327,301,-722,-362,353,-589,-1400,498,263,103
126,310,452,-722,-282,182,-299,-652,722,263,153
543,-274,249,245,2,-236,46,-148,334,263,-116
508,-281,129,39,31,-390,229,762,276,263,-66
354,-116,164,-92,-24,-352,85,1200,34,263,-16
168,-90,170,-102,25,-188,-226,76,-496,263,33
130,695,457,-336,-117,311,-999,-433,-682,263,83
852,780,515,-19,253,984,-10,-165,-595,263,133
1062,500,234,457,88,324,466,436,-448,263,-136
583,524,158,98,-18,64,-85,-195,-155,263,-86
668,629,284,17,12,-6,-10,12,39,263,-36
757,859,427,112,51,109,-184,80,172,263,13
963,1219,399,222,82,226,-110,356,382,263,63
786,1147,23,105,60,184,12,234,629,263,113
626,968,-183,-445,-254,308,985,380,993,263,-157
736,45,-601,-270,-175,227,459,360,406,263,-107
40,-121,-178,-262,-36,44,172,-13,-82,263,-57
-102,-45,286,-82,158,-282,114,360,-157,263,-7
14,23,353,236,308,-499,58,650,-162,263,42
-27,-25,484,-166,-51,-224,-59,294,-398,263,92
-111,17,428,-101,-87,175,-490,81,-769,263,142
-737,-189,341,-396,-247,275,665,1489,-242,263,-127
-718,-721,-496,-21,273,-118,-1360,561,351,263,-77
-372,-518,-783,-147,326,121,-49,-317,-62,263,-27
-363,-343,-345,-186,311,83,251,-707,-291,263,22
-256,-527,-429,-146,353,-45,541,-764,-119,263,72
-128,-519,-445,-326,386,-170,625,-463,-182,263,122
84,-3,29,3,303,-124,197,-62,-29,263,-147
-141,136,235,-14,306,-242,-257,-476,176,263,-97
-66,342,493,-482,-198,66,-738,-1657,572,263,-47
109,405,640,-979,-454,337,96,-1228,367,263,2
668,-239,302,506,100,-147,116,-936,196,263,52
895,-349,58,42,-6,-329,701,943,39,263,102
207,37,113,-123,-125,-380,26,800,-254,263,152
183,234,224,-236,-81,-190,-209,-58,-493,263,-118
535,817,480,-378,-122,317,-1186,-267,-453,263,-68
964,895,518,541,148,1310,-312,-67,-382,263,-18
861,533,133,468,134,-26,6,-200,-262,263,31
576,594,3,5,18,125,-390,-256,-100,263,81
541,560,76,-69,3,49,-80,377,128,263,131
423,462,125,94,42,-37,-63,594,163,263,-138
284,406,172,173,-36,165,-139,442,405,263,-88
42,319,14,165,9,223,-78,138,723,263,-38
-561,117,-19,-444,-335,406,609,444,878,263,11
-126,20,-180,-451,-264,270,454,575,402,263,61
-360,-65,-283,-316,20,-136,73,1,111,263,111
44,-286,-378,50,260,-466,243,468,52,263,-158
47,-328,-159,45,243,-441,172,919,-15,263,-108
-93,-180,-47,-43,112,-352,173,977,-300,263,-58
-115,-361,64,-239,-135,-46,372,1118,-349,263,-8
-1022,-81,-158,4,-153,75,-539,1318,-20,263,41
-238,-518,-936,175,-17,-56,-307,711,-37,263,91
-473,-480,-792,-25,-72,23,-190,-7,-282,263,141
-561,-453,-559,-340,-65,44,180,-734,-304,263,-128
-272,-375,-380,-241,151,-123,384,-1121,-278,263,-78
-162,-280,-269,-28,273,-255,311,-1132,-189,263,-28
-44,-8,-55,-90,136,-194,422,-879,8,263,21
49,97,95,123,-1,-88,388,-1105,-65,263,71
108,473,405,-90,-191,177,-613,-1505,120,263,121
-82,605,493,-860,-477,359,-857,-1232,110,263,-149
733,-178,101,516,-3,-11,-181,-1166,-165,263,-99
864,-109,-8,327,74,-219,389,339,-48,263,-49
342,364,285,-32,-93,-331,188,566,50,263,0
433,559,355,-560,-342,255,-1038,-132,116,263,50
832,790,455,343,241,530,-619,-286,-98,263,100
1066,616,383,229,333,517,333,180,-69,263,150
887,556,330,358,-103,281,72,-161,-135,263,-119
874,632,303,-23,58,139,31,83,-81,263,-69
807,630,304,97,-8,104,-1,227,25,263,-19
588,454,169,138,-73,181,-48,192,81,263,30
163,413,187,35,-134,332,-47,123,182,263,80
-60,459,49,-275,-168,438,289,533,323,263,130
85,84,-118,-253,82,-61,351,404,-34,263,-139
3,-74,-59,32,237,-329,277,118,-125,263,-89
161,-87,-42,11,225,-399,40,439,-44,263,-39
-25,-85,68,-147,88,-261,-167,752,-49,263,10
131,-180,-49,-69,46,-104,-107,2046,-272,263,60
-471,142,-108,-206,-185,210,-573,1479,-409,263,110
-90,-259,-768,179,132,22,-545,1292,-240,263,160
-328,-171,-802,130,23,168,-286,712,-499,263,-110
-453,-101,-684,-61,17,223,1,84,-545,263,-60
-274,-99,-594,-14,213,75,296,-309,-399,263,-10
-206,-29,-486,-56,221,-13,501,-630,-168,263,39
4,29,-449,-49,274,-191,213,-917,-86,263,89
-363,434,-68,-120,86,71,-377,-1031,-41,263,139
-267,570,206,-414,-155,462,158,-2394,-114,263,-130
333,277,45,-8,-12,453,574,-2181,-141,263,-80
617,248,-212,196,179,-48,581,-590,47,263,-30
379,262,-203,79,-50,-259,404,-206,198,263,19
-14,471,-72,-411,-108,-296,-363,282,17,263,69
218,619,-48,155,-387,124,-321,-413,-154,263,119
703,574,-68,-240,1517,1070,291,432,-59,263,-150
367,545,110,220,500,668,224,-61,-62,263,-100
322,534,54,64,-8,84,144,246,19,263,-50
233,443,-22,12,-68,-80,72,190,163,263,0
216,347,-128,45,-45,-1,-125,206,315,263,49
149,326,-144,145,-29,128,-323,222,511,263,99
114,280,-46,265,-51,173,-417,397,769,263,149
-64,326,288,-46,-221,341,302,663,1157,263,-121
-167,58,369,-542,-180,296,571,1382,555,263,-71
-491,-68,124,-364,9,-16,449,963,295,263,-21
119,-367,-347,221,329,-427,233,458,128,263,28
276,-368,-285,76,290,-409,-98,672,29,263,78
350,-247,117,-130,91,-285,-52,1077,-285,263,128
67,-193,401,-844,-414,31,256,878,-558,263,-141
-354,-29,508,-190,-417,71,-135,863,-535,263,-91
2,27,-124,338,-66,-47,-341,577,-209,263,-41
-83,46,-217,74,-190,248,-111,-299,-366,263,8
-218,-45,-224,-362,-21,204,222,-878,-336,263,58
-160,-32,-211,-199,175,-5,380,-1117,-222,263,108
-71,-110,-115,-55,260,-191,542,-1397,-95,263,158
-3,-6,-123,0,243,-213,560,-1365,147,263,-111
-23,372,-104,57,166,-45,-198,-1070,283,263,-61
10,620,89,-669,-196,320,-659,-864,446,263,-11
168,495,369,-498,-306,264,-457,-1211,303,263,38
436,-230,108,57,-160,97,31,-1207,109,263,88
389,-177,82,127,-129,-149,681,186,-232,263,138
112,-184,148,-30,-77,-375,347,-9,-382,263,-132
-82,-90,4,-450,-92,-430,-434,37,-290,263,-82
-245,603,-50,-689,-433,101,-942,-736,-351,263,-32
649,700,17,-242,876,1582,160,34,-289,263,17
234,520,0,427,992,641,365,-672,-350,263,67
273,452,-116,102,-478,-476,164,-468,47,263,117
313,529,-260,-102,-161,-535,54,526,149,263,-152
233,502,-156,84,-147,-601,-79,933,186,263,-102
192,485,-182,37,-227,-406,-449,950,325,263,-52
196,324,-71,34,-287,-281,-355,922,590,263,-2
225,300,354,-14,-553,-572,-214,1109,718,263,47
-17,646,-42,-157,-793,-642,195,873,629,263,97
-86,274,-168,160,-610,-659,734,332,-27,263,147
117,259,-196,-321,-381,-621,322,-719,-232,263,-122
626,8,-227,-225,15,-714,336,-363,-241,263,-72
609,89,-429,-44,170,-752,175,-2,-214,263,-22
-199,-221,278,52,455,-394,254,271,-380,263,27
-768,223,751,-258,-148,157,495,1149,-283,263,77
-309,168,517,-349,45,547,-1245,1223,180,263,127
-63,-219,-155,310,103,112,-336,1201,77,263,-143
-622,-5,-535,265,-44,28,113,-562,-126,263,-93
-429,-99,-563,-17,-149,-307,334,-2002,108,263,-43
245,-235,-446,-373,-257,-74,948,-1700,-296,263,6
91,-133,-293,-501,235,-19,597,-845,-382,263,56
-155,663,306,-529,35,-194,-272,-411,8,263,106
194,493,530,205,235,-468,-540,-894,229,263,156
469,242,246,213,-27,-201,-18,-1301,84,263,-113
448,158,-2,-378,108,206,-44,-157,508,263,-63
265,45,-5,30,-245,7,-131,328,363,263,-13
110,-59,-116,-14,-121,-114,-85,-278,-23,263,36
-117,193,-146,-266,-64,-269,-376,-164,-761,263,86
-272,758,132,-963,-377,-191,-1125,273,-839,263,136
684,894,111,9,1416,1659,-400,847,-291,263,-133
674,577,30,662,343,215,-122,289,-355,263,-83
161,536,-44,249,-152,121,142,65,-100,263,-33
189,477,7,-35,176,9,-412,546,479,263,16
194,273,33,25,23,-165,-461,270,652,263,66
71,242,-29,-35,-132,-47,-390,-37,808,263,116
-331,242,-2,-217,-420,306,657,-45,1004,263,-153
-180,-27,-93,-570,-385,378,884,-113,229,263,-103
-106,-211,-101,-460,-200,71,654,-314,-86,263,-53
322,-244,-159,-116,154,-407,349,-128,-142,263,-3
216,-188,-31,-72,255,-500,51,326,-165,263,46
214,-132,197,41,237,-476,-237,777,-244,263,96
-132,-80,173,-204,-6,-162,-478,854,-531,263,146
-519,160,34,-866,-433,457,-701,1112,-306,263,-124
-182,-53,-372,233,67,-19,-367,1139,-166,263,-74
-211,-127,-713,196,-19,-20,-702,691,-119,263,-24
-424,-136,-600,-200,-60,29,-144,-74,-88,263,25
-347,-149,-475,-457,-22,92,108,-351,-13,263,75
-258,-106,-387,-249,287,-108,393,-587,64,263,125
-222,-65,-364,-32,347,-230,538,-917,143,263,-144
25,-40,-368,47,196,-177,636,-1129,41,263,-94
-173,42,-235,55,73,-57,-17,-1876,77,263,-44
-314,418,237,-1070,-535,482,-579,-1454,192,263,5
105,236,375,-53,-269,97,52,-1740,-260,263,55
650,-134,85,433,57,-92,61,-1335,-376,263,105
256,147,85,-62,-145,-105,570,-362,-318,263,155
84,104,66,-166,-60,-274,126,-618,-355,263,-114
-220,358,23,-1011,-327,-51,-537,-720,-74,263,-64
313,471,10,243,129,406,-1051,-32,107,263,-14
548,444,-5,225,631,339,433,694,-64,263,35
167,503,-10,192,309,543,179,131,-356,263,85
222,473,-104,127,4,355,-16,336,-354,263,135
120,419,-87,24,1,-16,34,225,-184,263,-135
148,391,-158,53,-28,-94,-227,434,166,263,-85
143,348,-30,121,30,-44,27,926,687,263,-35
-115,236,-1,-36,-54,113,-269,568,855,263,14
-189,127,-92,-420,132,830,537,661,972,263,64
-77,3,-129,-420,419,138,693,894,324,263,114
40,-189,-232,-327,-135,-104,357,596,305,263,-155
198,-253,-205,-47,177,-433,396,1145,37,263,-105
55,-142,-68,39,213,-472,14,1506,96,263,-55
7,-183,28,-137,21,-185,63,1410,-123,263,-5
-44,-106,68,-551,-159,83,138,1448,-470,263,44
-475,23,-345,-107,-162,214,-796,2145,-140,263,94
-326,-122,-748,98,22,17,-565,1537,-137,263,144
-329,-177,-864,115,39,113,-131,706,-186,263,-125
-395,-165,-711,-92,38,187,220,-246,-189,263,-75
-153,-188,-511,-152,101,143,386,-883,-271,263,-25
-242,18,-401,-147,199,31,618,-1781,-505,263,24
-252,362,-199,73,289,-114,357,-2144,-272,263,74
-98,679,165,-540,-118,129,-208,-2145,116,263,124
223,476,203,-247,-248,433,8,-2552,-289,263,-146
671,88,-151,392,53,286,672,-1973,-36,263,-96
512,343,-53,164,-49,219,611,-916,52,263,-46
268,307,21,-164,-81,-145,336,-790,37,263,3
269,539,3,-1049,-350,-67,-657,-17,-178,263,53
563,903,166,189,-129,532,-241,-252,-576,263,103
854,640,140,441,763,649,27,-17,-119,263,153
623,567,75,561,546,747,-90,-279,-155,263,-116
602,699,159,-186,23,327,-16,230,-6,263,-66
580,585,188,80,-81,202,-87,492,56,263,-16
580,542,-8,134,-121,262,-278,692,170,263,33
400,501,42,260,-110,116,-416,796,286,263,83
-6,383,302,-217,-363,165,-91,731,496,263,133
-83,279,113,-269,-264,393,467,1474,349,263,-136
-188,315,-54,-668,-79,367,-35,1164,367,263,-86
285,-49,-331,184,362,-77,246,517,288,263,-36
155,-110,-212,28,246,-162,-269,1112,99,263,13
203,-28,-55,-153,103,-120,-255,1931,-247,263,63
-230,106,114,-579,-115,-65,-83,2824,-410,263,113
-404,3,-566,-249,-320,119,-607,1632,-172,263,-157
-249,-30,-781,109,-53,21,-466,1082,-344,263,-107
-334,13,-719,396,22,301,-292,-72,-236,263,-57
-355,12,-569,97,61,325,60,-850,-14,263,-7
-288,0,-531,-126,92,162,201,-2054,227,263,42
-154,467,-4,-271,36,-17,100,-3511,-200,263,92
347,664,215,-366,-104,-47,507,-3607,-470,263,142
619,445,91,226,64,-107,669,-3578,-517,263,-127
693,307,-11,53,-16,75,917,-3123,-172,263,-77
687,419,37,13,-13,4,422,-1503,93,263,-27
701,343,-5,97,40,-78,-516,-1201,-46,263,22
571,1005,234,164,178,562,-1523,-518,-309,263,72
1388,562,41,503,580,151,706,1057,36,263,122
737,678,247,424,171,297,40,67,-184,263,-147
471,770,250,-104,10,336,-121,52,-3,263,-97
601,566,110,67,-13,345,-188,146,91,263,-47
554,561,32,277,66,239,-403,477,258,263,2
322,413,135,198,58,134,-311,889,658,263,52
-303,328,46,-635,-281,318,368,1941,824,263,102
-369,142,-91,-422,-59,126,595,1819,245,263,152
104,-54,-190,180,377,-248,105,2180,321,263,-118
250,-295,-261,145,328,-353,-152,2383,445,263,-68
1,-160,-181,-234,92,-340,-464,3009,364,263,-18
129,-151,-127,-586,-171,-288,-351,3325,210,263,31
-816,269,-139,-1122,-336,-331,-206,4177,-290,263,81
-531,-77,-790,468,-184,-24,-240,1592,-42,263,131
-221,-190,-916,363,-128,268,91,509,-173,263,-138
-316,-127,-676,271,-97,418,262,-1357,-86,263,-88
-193,-47,-515,-153,47,232,401,-2088,-161,263,-38
-473,381,-157,-629,-153,84,332,-3294,-389,263,11
-29,397,82,-165,189,-371,444,-3595,-311,263,61
354,113,130,137,143,-382,664,-2952,-370,263,111
355,209,75,-125,6,-132,375,-1574,-122,263,-158
123,190,18,-47,-35,-4,160,-994,-130,263,-108
106,34,-134,42,36,47,97,-918,-109,263,-58
213,30,-216,-143,90,-28,-56,-560,-166,263,-8
-97,716,107,-311,-20,262,-699,-24,-303,263,41
440,692,142,282,201,570,-197,243,-151,263,91
518,436,106,333,304,411,37,575,-61,263,141
207,465,70,50,15,491,22,283,-79,263,-128
236,456,9,96,8,271,-51,369,114,263,-78
256,293,-84,259,3,134,-127,328,131,263,-28
4,356,-8,217,-2,208,-145,257,303,263,21
-379,284,67,-182,-230,511,307,181,486,263,71
16,131,-74,-302,-34,417,779,758,486,263,121
-71,-130,-158,-307,4,144,32,199,6,263,-149
64,-320,-229,-4,245,-174,180,235,-157,263,-99
70,-259,-110,173,262,-315,74,585,-161,263,-49
80,-174,19,-23,94,-163,-88,869,-249,263,0
19,-112,19,-276,-175,143,-181,763,-527,263,50
-667,228,-10,-671,-390,425,-76,1175,-632,263,100
-296,-178,-678,464,-35,164,-989,1091,-335,263,150
-389,-348,-915,76,10,170,-703,514,-269,263,-119
-498,-279,-783,-311,30,180,-96,-430,-87,263,-69
-391,-270,-679,-303,156,140,184,-801,63,263,-19
-265,-108,-557,-194,314,9,566,-841,106,263,30
-145,-49,-491,117,346,-65,779,-881,169,263,80
-277,151,-248,-234,25,192,693,-806,198,263,130
-144,303,13,-699,-276,444,-250,-820,341,263,-139
180,256,210,-622,-278,313,44,-1085,232,263,-89
552,-43,46,209,-204,32,274,-689,171,263,-39
386,-38,-61,75,-135,-322,534,354,15,263,10
146,-48,-105,-107,-138,-271,-105,39,-276,263,60
-37,178,-58,-530,-187,-145,-492,-464,-355,263,110
100,674,238,-378,-451,498,-472,-1009,-384,263,160
810,563,143,140,207,809,237,-606,-355,263,-110
627,524,86,518,337,344,169,-495,-387,263,-60
264,597,30,14,153,232,-99,-148,-30,263,-10
303,416,95,-155,0,86,128,448,37,263,39
280,383,18,28,-18,120,-26,552,77,263,89
217,396,-91,111,-90,206,-527,649,117,263,139
233,359,-75,285,-41,264,-152,500,203,263,-130
282,326,13,202,-82,285,-74,350,352,263,-80
-137,342,36,-2,-147,376,176,212,328,263,-30
-194,183,-72,-310,-178,529,123,475,255,263,19
-89,-202,-234,-78,150,10,490,-196,-102,263,69
-18,-289,-268,77,245,-212,284,-678,-286,263,119
190,-191,-127,122,210,-295,340,-315,-233,263,-150
364,-36,-33,93,168,-251,-40,387,-345,263,-100
204,104,39,31,-28,72,-276,658,-589,263,-50
-947,608,441,-594,-462,775,-439,662,-549,263,0
-786,124,-303,-328,72,278,-535,518,-226,263,49
-282,-192,-626,28,212,157,-390,681,-273,263,99
-400,-116,-549,-43,246,-29,283,-256,-50,263,149
-164,-69,-478,-88,226,-16,414,-392,16,263,-121
-68,-22,-429,66,279,-6,465,-473,232,263,-71
-115,126,-296,82,213,84,539,-564,396,263,-21
-173,348,-92,-140,53,201,317,-372,531,263,28
15,616,223,-583,-227,178,-465,-507,842,263,78
14,685,561,-649,-344,113,-259,-805,469,263,128
191,126,317,331,-241,91,-29,-1064,369,263,-141
596,-137,-96,437,68,-209,543,138,368,263,-91
142,-110,-25,-160,-160,-108,573,714,112,263,-41
25,-64,-38,-199,-83,-18,-192,159,-150,263,8
4,407,103,-271,-23,230,-1331,-482,-375,263,58
243,720,169,346,248,607,-355,-118,-450,263,108
819,599,210,358,542,598,536,294,-253,263,158
438,577,100,-143,-247,441,-210,-204,-34,263,-111
393,580,62,12,-152,-21,-269,414,256,263,-61
429,460,124,130,-84,-76,-488,608,298,263,-11
306,322,30,210,-41,64,-574,465,356,263,38
-74,285,100,82,-74,295,-251,173,490,263,88
-434,210,85,-680,-252,573,671,-211,509,263,138
-49,-37,-100,-445,8,153,985,-311,-88,263,-132
137,-174,-90,0,222,-184,893,-513,-234,263,-82
299,-135,-82,141,219,-393,474,-366,-348,263,-32
295,-42,72,39,151,-337,117,-183,-430,263,17
257,64,254,-135,-67,76,19,567,-692,263,67
73,212,263,-308,-141,397,-84,1360,-599,263,117
-517,238,40,-164,-224,400,-726,1519,-365,263,-152
-230,-58,-376,374,-6,50,-707,527,-100,263,-102
-293,-139,-601,-226,-53,219,-682,174,-54,263,-52
-365,-115,-508,-407,60,200,135,-341,76,263,-2
-182,-108,-402,-261,189,101,418,-447,98,263,47
-75,-73,-260,-9,322,-15,635,-620,136,263,97
-4,21,-190,107,243,30,616,-490,145,263,147
-132,183,-121,-253,12,231,281,-463,106,263,-122
-54,497,47,-363,-132,288,-821,-490,365,263,-72
15,539,570,-1031,-533,405,-312,-504,322,263,-22
296,95,290,-102,-351,123,-275,-902,64,263,27
637,-95,6,305,-84,-296,642,492,184,263,77
268,-48,66,-184,-229,-213,556,531,-108,263,127
103,-109,-78,-199,-144,-220,-386,-50,-322,263,-143
-355,464,0,-621,-312,220,-1029,-862,-449,263,-93
542,579,2,65,250,820,-565,-1013,-428,263,-43
690,644,43,573,613,598,132,-459,-432,263,6
314,661,79,20,104,315,79,-212,-250,263,56
256,507,64,-178,-108,159,195,230,-124,263,106
225,410,0,-192,324,209,-96,316,3,263,156
277,408,-34,288,-435,-35,-138,361,194,263,-113
232,338,-93,189,-298,-179,-269,204,337,263,-63
78,293,-88,226,-549,-70,-325,195,442,263,-13
-223,230,0,-357,-432,168,285,216,463,263,36
-165,13,6,-718,-73,252,771,-444,232,263,86
234,-164,-120,-79,265,-212,672,-1315,-23,263,136
315,-171,-86,53,270,-381,410,-995,-98,263,-133
286,-15,25,102,217,-428,75,-824,-316,263,-83
150,206,108,-84,5,-80,-130,-124,-465,263,-33
-594,498,280,-583,-306,641,159,783,95,263,16
-76,47,-255,86,85,91,-652,1245,396,263,66
-174,-159,-518,33,-21,34,-329,721,102,263,116
-393,-145,-575,-170,-33,-25,76,110,74,263,-153
-216,-184,-456,-235,90,-25,345,-118,132,263,-103
-134,-109,-294,69,316,-182,-37,-426,354,263,-53
-230,213,-16,-293,49,-49,-325,-888,297,263,-3
9,359,250,-604,-222,217,-199,-655,307,263,46
384,-29,161,-631,-326,238,-110,-405,8,263,96
457,-24,40,2,-166,-339,241,1024,148,263,146
-73,-23,107,-120,-159,-522,152,1109,-26,263,-124
-87,-109,4,-80,-80,-488,164,586,-212,263,-74
84,-203,-198,-150,-84,-271,38,-180,-397,263,-24
-289,348,10,-466,-337,491,-873,-463,-447,263,25
366,573,54,343,492,784,-239,132,-530,263,75
754,625,83,624,447,393,335,440,-638,263,125
314,641,2,303,184,224,27,117,-460,263,-144
164,459,-13,-115,-70,280,4,298,-190,263,-94
203,212,86,140,-18,400,-97,523,125,263,-44
208,214,-6,235,-68,59,-220,714,200,263,5
188,306,-109,197,136,334,-374,898,228,263,55
-10,233,-28,438,140,656,-819,889,387,263,105
-288,85,-78,495,261,515,-312,207,479,263,155
-244,50,-190,-242,-384,101,222,573,408,263,-114
-22,-48,-256,-18,-62,-76,413,197,-91,263,-64
-32,-146,-203,-236,-84,149,222,-41,-181,263,-14
25,-217,-79,-247,94,99,276,-39,-77,263,35
68,-245,33,131,323,-107,150,131,-173,263,85
64,-242,25,200,231,-123,253,-158,-387,263,135
-440,103,109,-705,-294,426,741,689,-550,263,-135
-222,-222,-392,-146,-81,274,-179,124,-73,263,-85
-205,-346,-498,195,135,-81,-234,230,14,263,-35
-441,-320,-427,-19,-63,-41,219,-474,69,263,14
-221,-295,-322,-195,-12,68,406,-552,103,263,64
-119,-113,-179,-211,97,111,482,-471,124,263,114
-37,119,-96,-37,220,27,291,-518,89,263,-155
-154,296,61,-4,188,-106,-884,-854,322,263,-105
-21,305,122,-632,-229,318,-737,-637,156,263,-55
204,224,242,-598,-333,482,-533,-780,-36,263,-5
557,-99,102,176,-98,198,-182,-608,29,263,44
102,591,877,140,-222,-126,481,554,-85,263,94
944,1426,121,-13,-155,-245,-22,-135,-300,263,144
872,455,-1074,-464,-306,274,-12,-674,-256,263,-125
1185,592,3,-297,44,542,-567,-387,-251,263,-75
1862,1072,47,163,495,641,142,489,-306,263,-25
1715,1025,-115,547,463,373,-107,-41,-289,263,24
1317,350,-635,-9,72,376,73,34,-153,263,74
566,374,-285,-218,-14,425,-282,288,61,263,124
-164,931,-51,6,-79,224,-394,547,135,263,-146
-132,530,313,232,-120,136,-589,119,274,263,-96
-110,359,425,153,-276,393,-243,-585,349,263,-46
-349,137,79,-140,-171,498,698,-527,283,263,3
-243,-199,-448,-518,-105,456,1496,-527,-8,263,53
-299,-369,-327,-591,-109,127,501,-1221,-143,263,103
191,-385,-256,141,292,-430,653,-1236,-476,263,153
131,-108,-129,149,311,-443,-50,-498,-546,263,-116
51,178,11,-12,79,-188,24,267,-593,263,-66
32,104,-36,-215,-215,352,-513,1005,-707,263,-16
-864,40,-543,-297,-76,843,-1809,1048,-13,263,33
-146,-593,-825,307,322,262,-459,1022,14,263,83
-562,-536,-925,-178,40,262,250,22,-128,263,133
-534,-210,-790,-405,35,122,426,-512,-196,263,-136
-345,45,-407,-272,341,-148,817,-131,7,263,-86
-134,180,-186,342,436,-217,463,-269,756,263,-36
-284,335,57,-325,-96,250,-661,-713,1058,263,13
33,450,97,-1069,-501,885,143,-643,475,263,63
626,153,-130,-125,-183,297,-46,-864,412,263,113
505,224,-73,189,-163,-241,461,1060,265,263,-157
72,139,52,134,-130,-504,-291,1069,-91,263,-107
-279,17,-19,-465,-307,-296,-238,184,-221,263,-57
-162,11,-154,-572,-308,-135,-565,-80,-389,263,-7
255,479,21,-622,-400,784,-577,-448,-386,263,42
586,548,187,717,996,971,-265,144,-184,263,92
286,519,-137,-90,191,228,536,-437,-434,263,142
247,415,-296,-458,-310,-119,-10,221,-111,263,-127
69,434,-176,-90,-59,-350,-374,421,-137,263,-77
86,298,-43,44,-73,-252,-514,502,160,263,-27
18,220,-82,214,-296,366,-819,337,729,263,22
-223,216,51,32,-121,584,-249,118,1206,263,72
-428,35,12,-800,-559,530,1149,412,1154,263,122
-335,-108,-124,-1115,1287,-70,653,-38,671,263,-147
193,-375,-212,-343,-248,-452,432,-147,66,263,-97
292,-323,-163,-103,207,-466,141,313,-198,263,-47
89,-148,43,-32,138,-571,-242,440,-560,263,2
84,-253,14,-26,2,-339,-66,61,-935,263,52
-481,275,230,-278,-268,177,-241,980,-797,263,102
-368,79,-166,97,101,556,544,1563,-194,263,152
-194,-138,-555,48,120,167,272,777,65,263,-118
-464,-183,-696,-298,-175,27,703,-527,-2,263,-68
-94,-57,-296,-112,127,-202,647,-678,159,263,-18
-193,51,-201,-94,132,-109,210,-720,172,263,31
-132,234,17,21,196,-147,-1249,-1178,851,263,81
203,285,457,-371,-251,263,248,-1001,370,263,131
554,-108,205,-332,-172,382,-58,-585,427,263,-138
303,346,350,-328,-15,-745,517,420,-244,263,-88
261,234,-44,-121,-135,-471,273,38,-311,263,-38
226,104,-361,-200,-260,-583,-801,-110,-455,263,11
-295,472,-247,-518,-536,-121,-1808,-426,-426,263,61
218,456,-373,239,11,-203,-714,-123,-420,263,111
290,663,-294,-54,731,1129,-416,360,-608,263,-158
-79,572,30,37,56,-39,503,20,-254,263,-108
16,379,37,-115,42,-62,0,296,23,263,-58
-11,162,-60,112,-106,83,203,90,-114,263,-8
-110,110,-183,192,125,196,-123,-121,94,263,41
-18,40,-218,142,-6,131,103,-399,223,263,91
107,56,-106,170,-68,-27,-214,-312,289,263,141
-10,93,-18,18,-87,19,-481,-363,367,263,-128
-251,129,2,-66,-202,98,64,-598,416,263,-78
82,102,-113,-325,-154,315,622,-78,257,263,-28
-232,-24,-80,-219,62,65,474,-870,-79,263,21
136,-231,-251,-17,100,-307,312,-1156,-204,263,71
199,-324,-127,-63,-65,-362,200,-563,-240,263,121
-43,-104,6,52,62,-367,-510,867,-750,263,-149
-507,197,100,-161,-60,14,-221,1652,-748,263,-99
-435,59,-475,84,-171,426,-166,991,-226,263,-49
-343,-186,-679,-288,137,85,-809,884,56,263,0
-384,-339,-677,62,95,78,96,330,245,263,50
-358,-320,-527,73,187,-70,635,-453,334,263,100
-415,-149,-479,-79,141,-76,743,-923,457,263,150
-401,153,-205,-270,51,-36,207,-1167,940,263,-119
205,74,105,-114,72,-105,-164,-781,1169,263,-69
218,23,191,-567,-284,26,-378,-557,597,263,-19
438,-156,10,-22,42,-372,-142,111,478,263,30
99,-343,-41,-311,-10,-462,-145,639,301,263,80
-61,-330,-156,-213,-93,-495,-439,762,-347,263,130
-7,-451,-468,13,-213,-111,-930,-520,-1540,263,-139
-970,470,-32,-241,-69,174,-2031,-461,-1045,263,-89
315,374,214,242,470,303,839,639,-408,263,-39
129,100,163,325,-151,257,462,217,-524,263,10
-95,171,-113,-182,119,46,283,-124,-391,263,60
-302,243,-248,25,-62,1,256,-84,-369,263,110
-119,16,-315,138,129,32,207,237,-151,263,160
-73,-35,-260,181,122,131,-164,248,232,263,-110
-71,-51,-193,139,262,222,-159,74,616,263,-60
-358,-77,49,-38,-188,399,617,-16,763,263,-10
-99,-147,-252,-589,-310,297,365,-46,426,263,39
-200,-286,-273,-104,10,-193,477,-439,68,263,89
66,-434,-223,-12,165,-384,334,-600,-35,263,139
89,-327,-118,-149,126,-367,-54,16,-71,263,-130
58,-243,-10,-171,98,-247,-273,1308,-393,263,-80
-757,60,-74,-299,-67,168,-191,1877,-575,263,-30
-352,-195,-668,200,-1,218,-494,798,-205,263,19
-376,-261,-827,207,128,281,-19,241,-201,263,69
-373,-244,-772,27,95,279,221,-158,-78,263,119
-298,-159,-586,-258,64,192,333,-289,-6,263,-150
-175,-146,-596,-20,245,-97,496,-597,68,263,-100
-274,46,-364,0,259,-94,396,-663,107,263,-50
-614,379,-52,-325,22,106,-47,-965,536,263,0
95,246,105,-518,-120,157,-89,-947,342,263,49
455,-140,-58,-229,-183,64,258,-491,220,263,99
184,-12,-16,53,-289,-277,489,242,119,263,149
-37,-16,-64,24,-157,-377,243,92,-30,263,-121
-8,-106,-189,-147,-98,-286,-585,-282,-295,263,-71
-245,609,233,-732,-382,-83,-765,-528,-523,263,-21
485,598,59,130,632,401,-99,-739,-260,263,28
536,509,-12,573,296,569,-69,-323,-274,263,78
220,550,0,207,298,376,168,-333,-242,263,128
207,538,39,-228,-50,96,26,162,76,263,-141
181,234,-100,-81,-144,-69,-230,200,195,263,-91
-113,287,-83,20,-217,0,-273,451,354,263,-41
-507,314,-18,-260,-557,378,361,728,523,263,8
-35,99,-157,-127,-188,331,769,465,220,263,58
-65,-279,-241,-530,-115,212,238,105,206,263,108
140,-298,-230,-268,185,-274,230,431,88,263,158
132,-156,-130,69,354,-402,-61,925,13,263,-111
122,-65,28,-32,143,-239,-298,1443,-251,263,-61
-143,101,237,-1236,-79,187,-369,1747,-429,263,-11
-352,128,-253,-373,-566,564,-515,1592,-258,263,38
-224,-15,-638,294,-172,-459,-103,1230,-125,263,88
-355,-53,-733,436,-150,-239,-96,583,-197,263,138
-336,-49,-626,1,-367,130,142,-324,-124,263,-132
-202,-105,-446,-895,30,470,356,-984,-12,263,-82
-151,-21,-375,-171,369,132,572,-1512,-15,263,-32
-101,87,-387,206,429,-108,501,-1870,-53,263,17
-211,231,-412,-6,217,23,-197,-2481,1,263,67
-284,511,-51,-668,-224,502,-88,-1718,131,263,117
249,4,233,-685,-223,512,409,-2037,120,263,-152
294,-161,155,88,-246,-168,820,-1198,188,263,-102
134,15,5,20,-302,-440,630,-487,-34,263,-52
80,-131,-153,-332,-162,-370,-461,-343,-176,263,-2
-542,501,34,-813,-202,-439,-914,-447,-503,263,47
402,441,-86,-726,-284,-6,-111,104,-322,263,97
365,490,-18,-28,659,862,-134,483,-193,263,147
76,406,-36,490,904,768,293,-120,-10,263,-122
122,390,-74,-71,278,545,134,168,169,263,-72
92,138,-83,-507,-215,-60,42,130,324,263,-22
-21,175,-68,-317,-295,-457,-53,389,470,263,27
-506,210,-34,-448,-303,-324,233,795,622,263,77
-203,88,-56,-291,-304,-90,381,1498,533,263,127
-205,-427,-185,42,-164,-26,98,792,281,263,-143
-26,-394,-147,-69,60,46,346,557,201,263,-93
-46,-334,-25,-215,76,-39,194,683,221,263,-43
114,-317,10,-2,164,-226,250,419,-180,263,6
94,-228,98,-33,59,-246,226,376,-559,263,56
-266,123,291,-588,-278,76,584,953,-899,263,106
-62,-114,-319,153,93,141,-193,1691,-801,263,156
-297,31,-522,339,63,303,-531,774,-736,263,-113
-456,-84,-677,153,114,302,-200,-419,-482,263,-63
-456,-291,-524,189,151,104,438,-1302,-277,263,-13
-204,-69,-229,7,151,97,958,-1700,-9,263,36
-113,126,-233,-36,-63,2,1088,-1549,197,263,86
-144,487,12,-203,-109,39,-527,-349,563,263,136
284,543,276,98,-122,-46,-5,-443,628,263,-133
380,44,205,71,-147,7,-448,-473,654,263,-83
117,-54,186,-175,-103,-63,236,163,591,263,-33
135,-343,0,12,-289,-84,148,-47,243,263,16
262,-330,-231,48,-58,-109,-565,-602,-585,263,66
-88,40,-120,-146,-62,205,-1664,-339,-775,263,116
93,952,32,475,123,262,-1322,268,-658,263,-153
560,736,30,454,126,212,26,490,-494,263,-103
17,446,-57,283,-120,273,477,96,-354,263,-53
92,279,-168,170,-170,-32,190,334,-93,263,-3
54,121,-52,164,-51,-51,-56,127,60,263,46
130,193,-56,302,-145,156,-95,126,244,263,96
-12,213,2,196,-14,467,-269,102,374,263,146
-387,219,42,192,-25,681,-142,-679,536,263,-124
-276,109,-113,-227,27,597,1280,-456,732,263,-74
-215,-292,-209,-431,-324,85,521,-1131,302,263,-24
216,-361,-161,-197,86,-231,136,-680,74,263,25
75,-111,38,-113,269,-382,-229,317,-21,263,75
174,-80,126,-102,101,-175,-712,1581,-58,263,125
-220,46,65,-49,-1,175,-1002,3143,-327,263,-144
-631,-299,-918,-141,-161,180,-245,3252,-647,263,-94
-693,-565,-1114,16,-209,45,-913,1531,-96,263,-44
-436,-417,-890,500,-238,-22,-249,569,-9,263,5
-478,-356,-590,170,-107,362,-61,-125,169,263,55
-234,-270,-458,-494,68,312,628,-767,376,263,105
-542,-176,-571,-477,192,-146,1068,-967,574,263,155
-218,0,-274,-96,127,78,-532,-1383,487,263,-114
-108,202,189,-312,127,-91,262,-938,173,263,-64
136,-369,-196,-148,83,-119,260,-974,-52,263,-14
116,-87,123,-376,-300,-126,504,-547,-275,263,35
76,-62,-54,202,-301,-47,142,-332,-696,263,85
-5,187,31,90,-146,57,-929,-767,-797,263,135
-279,457,-77,-56,-471,822,-132,-196,-593,263,-135
324,632,41,538,-731,24,-77,764,-97,263,-85
192,242,-299,688,-261,-915,186,-5,-299,263,-35
135,370,-169,607,-403,-925,-392,-169,-126,263,14
230,424,-89,895,-684,-869,-47,159,21,263,64
33,488,115,841,-766,-828,-878,-138,274,263,114
-12,190,5,558,-744,-731,513,-446,527,263,-155
-488,111,-165,-165,-646,-400,716,-115,775,263,-105
-3,-117,-275,-132,68,23,4,613,333,263,-55
-114,-159,-145,-111,96,229,103,89,63,263,-5
86,-306,-113,-6,281,27,308,-83,-87,263,44
119,-279,-69,-170,162,-113,-438,300,-177,263,94
95,-201,7,-43,216,-159,-391,1034,-508,263,144
-728,91,33,-586,-88,40,288,1379,-544,263,-125
-709,-85,-647,213,-76,380,-513,341,-29,263,-75
-236,-220,-734,109,270,339,151,337,167,263,-25
-356,-231,-687,-145,354,298,195,-104,207,263,24
-297,-188,-672,-121,360,190,202,-237,166,263,74
-287,-128,-596,-22,276,129,405,-627,118,263,124
-141,23,-339,119,217,25,186,-1168,141,263,-146
-180,324,76,-310,-95,145,-223,-2314,138,263,-96
89,346,316,-389,-106,130,59,-1758,80,263,-46
303,82,135,20,-39,-81,184,-1392,-65,263,3
443,-144,-132,88,16,-209,693,-282,-94,263,53
61,-49,-112,-45,-30,-329,559,91,-82,263,103
-67,0,-63,-214,-30,-333,-302,-305,-193,263,153
-214,550,-55,-210,-115,-69,-873,-702,-214,263,-116
206,747,104,49,353,1968,-462,-66,-256,263,-66
234,473,-107,382,60,313,518,60,-399,263,-16
-83,286,-179,-7,14,-61,123,62,-273,263,33
46,242,-233,49,-13,27,22,385,6,263,83
31,209,-225,178,-28,139,-181,395,45,263,133
42,240,-213,166,-82,325,-247,516,143,263,-136
38,223,-162,137,31,173,-172,487,224,263,-86
-75,216,-133,97,-21,79,-153,146,355,263,-36
-357,208,-63,-122,-191,296,284,-78,419,263,13
32,156,-144,-198,2,317,557,85,350,263,63
-155,14,-72,-200,6,30,517,-188,200,263,113
229,-265,-174,31,145,-386,538,63,96,263,-157
103,-129,-41,-54,120,-391,-111,1007,162,263,-107
193,-61,29,-42,90,-338,-385,1389,-72,263,-57
53,75,197,-133,-85,-151,-399,1063,-259,263,-7
-346,288,-21,-249,-289,215,131,1523,-337,263,42
-286,18,-359,-2,-99,129,-218,986,-47,263,92
-46,-36,-527,127,-24,142,-379,470,-307,263,142
-288,8,-428,-93,2,92,1,-438,-343,263,-127
-174,-25,-389,-76,126,28,131,-788,-274,263,-77
-119,6,-297,-71,163,-19,243,-780,-283,263,-27
-117,98,-234,33,157,-30,363,-701,-141,263,22
-111,152,-167,60,121,0,410,-636,64,263,72
-73,103,-170,55,52,51,568,-697,254,263,122
-184,251,-81,-349,-100,119,178,-530,303,263,-147
9,247,252,-317,-58,-32,-238,-412,531,263,-97
164,-209,246,75,-93,-122,180,-837,188,263,-47
413,-272,124,78,-68,-121,546,-257,-44,263,2
190,-142,144,-27,-150,-156,536,22,-211,263,52
-114,16,12,-304,-101,-255,-181,-148,-253,263,102
-214,483,-48,-314,-277,199,-1030,-579,-225,263,152
339,582,-56,318,210,422,-554,-142,-35,263,-118
398,438,12,274,178,502,-241,235,-58,263,-68
67,330,10,-38,12,37,-16,176,4,263,-18
65,225,-21,-34,-70,-36,-239,406,159,263,31
21,86,-33,39,-9,11,-360,278,211,263,81
18,103,-102,142,-107,163,-469,223,280,263,131
5,105,-73,140,-55,145,-362,154,438,263,-138
-291,76,55,-225,-148,82,259,243,685,263,-88
-313,-308,-189,-389,-138,16,480,-251,319,263,-38
-201,-429,-186,-343,12,-108,545,-370,19,263,11
96,-439,-143,-2,205,-361,444,-17,-83,263,61
130,-306,65,-41,168,-421,120,370,-94,263,111
111,-211,108,-138,-4,-271,-271,583,-390,263,-158
87,-126,79,-331,-153,-18,-336,980,-701,263,-108
-481,166,165,-413,-234,108,46,1668,-777,263,-58
-495,-92,-297,175,23,11,-261,1063,-271,263,-8
-296,-301,-687,43,31,180,-162,172,-199,263,41
-433,-291,-626,-192,27,101,157,-576,-230,263,91
-332,-253,-496,-199,141,54,169,-947,-189,263,141
-252,-140,-426,-98,234,-37,341,-1148,-112,263,-128
-207,19,-314,71,219,-103,635,-1147,23,263,-78
-56,40,-269,22,131,-43,173,-808,365,263,-28
-273,278,70,-619,-214,238,-460,-530,738,263,21
139,177,316,-572,-273,133,242,-535,165,263,71
281,-185,128,159,-376,97,200,-788,-99,263,121
181,-60,44,54,-242,-214,620,433,-156,263,-149
-65,-188,0,-158,-192,-306,60,72,-305,263,-99
-252,-114,-98,-398,-168,-241,-723,-407,-363,263,-49
-321,377,-84,-495,-304,42,-799,-1061,-401,263,0
398,478,-162,37,306,337,-227,-394,-343,263,50
246,667,-32,400,544,762,11,115,-339,263,100
179,485,-57,232,153,396,-5,360,-29,263,150
131,297,-71,-93,-19,89,-156,619,175,263,-119
76,202,-129,-54,-56,-110,-335,733,375,263,-69
-117,139,-104,24,-163,20,-404,700,578,263,-19
-408,126,-75,-53,-461,436,187,527,503,263,30
-145,-2,-126,-112,-179,414,507,573,397,263,80
-227,-47,-131,-381,-85,269,457,73,201,263,130
94,-259,-163,-226,107,-46,550,-3,152,263,-139
75,-187,-64,-118,172,-315,-25,517,-51,263,-89
79,-84,-57,125,204,-336,-438,653,-377,263,-39
92,51,-25,-106,-13,19,-401,881,-481,263,10
-226,165,15,-658,-227,337,-399,1145,-635,263,60
-230,-66,-519,342,58,161,-909,1509,-260,263,110
-438,-137,-684,247,-10,119,-414,1204,-122,263,160
-387,-175,-728,40,-7,233,-139,722,-10,263,-110
-382,-211,-695,-150,10,345,111,-2,6,263,-60
-333,-178,-616,-110,274,287,357,-685,26,263,-10
-230,-107,-527,83,370,88,600,-1220,184,263,39
-340,17,-431,169,286,17,710,-1653,436,263,89
-226,261,-147,-299,-26,220,209,-1549,648,263,139
40,344,235,-709,-281,364,352,-1295,551,263,-130
299,-169,120,50,-161,-102,68,-721,88,263,-80
382,-68,-117,184,-137,-300,306,358,-60,263,-30
27,-9,-47,-109,-134,-256,119,616,-225,263,19
-171,-98,-82,-246,-138,-96,-113,208,-430,263,69
-228,53,-118,-200,-124,126,-1088,-839,-466,263,119
268,397,84,310,611,483,197,-228,-158,263,-150
377,570,100,322,397,368,-112,46,75,263,-100
208,509,51,-11,-55,339,179,-293,100,263,-50
176,342,-122,-75,-152,157,-230,-267,162,263,0
103,196,-106,140,-32,51,-406,-11,265,263,49
-202,210,73,33,-105,49,41,232,475,263,99
-251,59,45,-436,-311,232,556,629,669,263,149
-261,-348,-162,-269,-113,133,508,-191,57,263,-121
-137,-368,-173,-161,99,-42,847,-740,-148,263,-71
54,-285,-65,-103,174,-339,329,-240,-20,263,-21
78,-146,133,-62,128,-357,-88,312,-54,263,28
207,-66,152,-110,33,-266,-280,680,-204,263,78
237,-74,86,-261,-212,107,-400,571,-504,263,128
-283,35,-13,-445,-317,361,-404,533,-1007,263,-141
-537,-51,-363,387,-77,6,-961,763,-806,263,-91
-210,-196,-667,-294,-20,32,-1118,1219,-123,263,-41
-430,-139,-696,-190,286,325,-601,587,-89,263,8
-363,-329,-660,-79,592,352,387,-1049,-211,263,58
-294,-265,-564,-182,260,140,790,-1521,-215,263,108
-35,-73,-475,11,276,57,757,-937,-6,263,158
-304,248,-229,-169,73,109,394,-172,340,263,-111
-395,334,-29,-342,-114,259,-100,-548,593,263,-61
48,229,86,-330,-251,363,522,-1062,144,263,-11
420,-9,-38,46,-56,99,696,-504,-262,263,38
502,-28,-38,190,153,-339,1433,1404,-312,263,88
-151,-39,-261,-199,8,-349,-40,1801,-258,263,138
-45,-73,-123,225,105,35,-923,-743,-573,263,-132
-7,582,-12,-124,175,777,-995,-180,-408,263,-82
400,699,110,236,221,399,81,821,-90,263,-32
192,358,-80,19,-144,74,433,63,-202,263,17
291,155,-673,-109,518,385,263,429,-201,263,67
-69,458,-41,-249,584,246,-447,663,37,263,117
72,148,-218,89,274,-121,-119,519,244,263,-152
-234,233,-247,-61,67,44,-433,-110,502,263,-102
-51,111,-93,-1,213,318,-34,-732,772,263,-52
-240,47,-158,-370,201,218,3,191,684,263,-2
-206,-211,-264,-405,114,-19,481,-517,223,263,47
34,-348,-211,-240,155,-145,114,-778,-78,263,97
146,-306,-123,-178,309,-289,56,-197,-275,263,147
104,-140,-82,-274,246,-284,-693,1081,-396,263,-122
-121,-137,-68,-482,41,68,-96,2251,-764,263,-72
-654,-227,-894,246,139,452,-354,1472,-554,263,-22
-359,-316,-930,72,455,341,-359,837,-71,263,27
-373,-303,-853,80,451,414,-177,361,11,263,77
-327,-266,-775,40,515,289,-20,-313,101,263,127
-380,-153,-780,-171,493,263,136,-221,203,263,-143
-393,-53,-705,-116,448,278,320,36,365,263,-93
-403,7,-412,-96,230,296,368,-53,589,263,-43
-212,-35,-177,-179,100,295,-123,-437,813,263,6
16,-185,20,-190,25,79,13,-132,433,263,56
19,-266,-70,-4,-55,-215,282,-16,198,263,106
-70,-286,-119,-9,-22,-301,378,7,48,263,156
-182,-266,-217,-17,-64,-207,364,-300,-213,263,-113
-92,-248,-364,-7,-146,29,-359,-1453,-861,263,-63
-435,285,-214,-310,-52,532,-679,-1780,-916,263,-13
114,477,-252,137,403,427,173,-1400,-728,263,36
348,607,-134,181,268,406,468,-510,-522,263,86
